                  epoch,         train/box_loss,         train/cls_loss,         train/dfl_loss,   metrics/precision(B),      metrics/recall(B),       metrics/mAP50(B),    metrics/mAP50-95(B),           val/box_loss,           val/cls_loss,           val/dfl_loss,                 lr/pg0,                 lr/pg1,                 lr/pg2
                      0,                 1.8271,                 3.0942,                 1.6092,                0.01176,                0.19328,                0.01634,                0.00646,                  2.129,                 3.3843,                 1.6497,                0.00016,                0.00016,                0.00016
                      1,                 1.5982,                 2.4171,                 1.4475,                0.01543,                0.42017,                0.01522,                0.00647,                 2.3253,                 3.2792,                  1.829,             0.00033832,             0.00033832,             0.00033832
                      2,                 1.6603,                 1.7866,                 1.4289,                0.10494,                0.05042,                0.02541,                0.01044,                 2.3756,                 3.2041,                 1.7671,             0.00051485,             0.00051485,             0.00051485
                      3,                 1.6437,                 1.5893,                 1.4143,                 0.1292,                0.10924,                0.05525,                0.02268,                 2.3548,                  2.913,                 1.7168,              0.0006896,              0.0006896,              0.0006896
                      4,                 1.6306,                 1.5163,                 1.3917,                0.11299,                0.08403,                0.04712,                 0.0219,                 2.4879,                 3.6971,                 1.7765,             0.00086258,             0.00086258,             0.00086258
                      5,                 1.5725,                 1.4546,                 1.3643,                0.22258,                0.09244,                0.07964,                0.03412,                 2.5506,                 2.7084,                 1.8085,              0.0010338,              0.0010338,              0.0010338
                      6,                 1.6453,                 1.4743,                 1.3956,                0.17597,                0.05025,                0.05764,                0.02475,                 2.6029,                 3.0862,                 1.7931,              0.0012032,              0.0012032,              0.0012032
                      7,                 1.6409,                 1.5089,                 1.3876,                  0.092,                0.10924,                0.04159,                0.01404,                 2.6569,                 3.3001,                 1.7344,              0.0013708,              0.0013708,              0.0013708
                      8,                 1.6556,                 1.4986,                 1.4121,                0.08841,                0.10084,                0.03047,                0.01137,                 2.9222,                 3.1275,                 2.3922,              0.0015366,              0.0015366,              0.0015366
                      9,                 1.5977,                 1.4433,                 1.3906,                0.06054,                0.05042,                0.01475,                 0.0053,                 2.8447,                  4.122,                 2.9388,              0.0017007,              0.0017007,              0.0017007
                     10,                  1.705,                 1.5336,                 1.4243,                 0.0555,                0.02521,                 0.0105,                0.00388,                 3.1108,                 3.6765,                 2.4372,               0.001863,               0.001863,               0.001863
                     11,                 1.7083,                 1.5006,                 1.4318,                0.18934,                0.11765,                0.05376,                0.01517,                 2.7754,                 2.7477,                 2.2802,              0.0018911,              0.0018911,              0.0018911
                     12,                 1.6883,                 1.4598,                 1.4064,                0.05954,                0.09244,                0.02737,                0.00998,                 2.7987,                 4.1808,                   2.24,              0.0018911,              0.0018911,              0.0018911
                     13,                 1.6467,                 1.4372,                 1.4157,                0.14718,                0.18487,                0.06086,                0.02293,                 2.9029,                 3.1282,                  2.495,              0.0018812,              0.0018812,              0.0018812
                     14,                 1.6803,                 1.4849,                 1.4428,                0.08469,                0.09244,                0.03285,                 0.0121,                 2.7896,                 3.5131,                 2.2264,              0.0018713,              0.0018713,              0.0018713
                     15,                 1.6544,                 1.4572,                 1.4154,                0.19527,                0.10924,                0.06751,                0.03385,                 2.6293,                 2.5289,                 2.0268,              0.0018614,              0.0018614,              0.0018614
                     16,                 1.6039,                 1.4086,                 1.3938,                0.14454,                0.13445,                0.04288,                0.01352,                 2.6967,                 2.8534,                 2.0826,              0.0018515,              0.0018515,              0.0018515
                     17,                 1.5426,                 1.3761,                 1.3678,                0.08111,                0.04202,                0.01806,                 0.0056,                 3.1554,                 3.7761,                 2.4803,              0.0018416,              0.0018416,              0.0018416
                     18,                 1.6099,                  1.399,                 1.3831,                0.18167,                0.16807,                0.09112,                0.03484,                 2.6551,                   2.32,                 1.7671,              0.0018317,              0.0018317,              0.0018317
                     19,                  1.573,                 1.3862,                 1.3597,                0.15126,                0.13445,                0.04398,                0.01388,                 2.9715,                 3.0194,                 2.2504,              0.0018218,              0.0018218,              0.0018218
                     20,                  1.522,                 1.3119,                 1.3318,                0.16188,                0.21849,                0.07465,                0.03174,                 2.7668,                 2.5463,                 1.9513,              0.0018119,              0.0018119,              0.0018119
                     21,                 1.5438,                 1.3268,                 1.3597,                0.18417,                0.15126,                0.09038,                 0.0356,                 2.6744,                 3.0077,                 1.8575,               0.001802,               0.001802,               0.001802
                     22,                 1.5581,                 1.3241,                 1.3604,                0.08665,                0.10924,                0.03433,                0.01157,                 2.8393,                 2.8769,                 1.9062,              0.0017921,              0.0017921,              0.0017921
                     23,                 1.5469,                 1.3503,                 1.3759,                0.11559,                0.17647,                0.05926,                0.02296,                 2.5253,                 2.5089,                 1.8095,              0.0017822,              0.0017822,              0.0017822
                     24,                 1.5103,                 1.3194,                 1.3399,                0.10236,                0.08403,                0.04447,                0.01602,                 2.8024,                 2.8556,                 1.9418,              0.0017723,              0.0017723,              0.0017723
                     25,                 1.5673,                 1.3039,                 1.3315,                0.06792,                0.08403,                0.02838,                0.01062,                 3.1131,                 3.3866,                 2.1373,              0.0017624,              0.0017624,              0.0017624
                     26,                 1.5132,                 1.2943,                 1.3287,                0.10237,                0.14286,                0.04079,                0.01393,                 2.7549,                 2.9105,                 1.8148,              0.0017525,              0.0017525,              0.0017525
                     27,                 1.5378,                 1.2719,                 1.3254,                0.14878,                0.19328,                0.07795,                0.02351,                 2.7174,                 2.4868,                 1.6879,              0.0017426,              0.0017426,              0.0017426
                     28,                 1.4453,                 1.2207,                 1.3139,                0.19596,                0.13445,                0.11757,                0.04218,                 2.6592,                 2.3041,                 1.7281,              0.0017327,              0.0017327,              0.0017327
                     29,                 1.4555,                 1.2568,                  1.327,                0.15985,                0.14286,                0.07263,                0.02495,                 2.5879,                 2.4679,                 1.8898,              0.0017228,              0.0017228,              0.0017228
                     30,                 1.4049,                  1.209,                 1.3056,                0.06485,                0.09244,                0.03459,                0.01061,                 2.9121,                 2.9952,                 2.1828,              0.0017129,              0.0017129,              0.0017129
                     31,                 1.4572,                 1.2158,                 1.3085,                0.19084,                0.18487,                0.09449,                0.03517,                 2.5793,                 2.5387,                 1.8961,               0.001703,               0.001703,               0.001703
                     32,                 1.4761,                 1.2287,                 1.3233,                0.17823,                0.21008,                0.10032,                  0.038,                 2.4384,                 2.5708,                 1.6918,              0.0016931,              0.0016931,              0.0016931
                     33,                 1.4457,                 1.2222,                 1.3021,                0.14653,                0.14286,                0.04902,                0.01676,                 2.6532,                 2.6975,                 1.9469,              0.0016832,              0.0016832,              0.0016832
                     34,                 1.4516,                  1.259,                 1.3287,                0.18798,                0.20168,                0.08382,                 0.0288,                 2.4851,                 2.4859,                 1.7145,              0.0016733,              0.0016733,              0.0016733
                     35,                 1.4197,                 1.2274,                 1.2865,                0.24972,                0.15966,                0.12028,                 0.0478,                 2.3804,                 2.3885,                 1.6198,              0.0016634,              0.0016634,              0.0016634
                     36,                 1.5091,                 1.2406,                 1.3351,                0.18462,                0.10084,                0.05271,                0.01698,                 2.8279,                 2.8444,                  1.799,              0.0016535,              0.0016535,              0.0016535
                     37,                 1.4314,                 1.1816,                 1.2807,                0.16326,                0.18487,                0.09687,                0.04514,                 2.4027,                 2.2618,                 1.6592,              0.0016436,              0.0016436,              0.0016436
                     38,                 1.4868,                 1.2312,                 1.3036,                0.04058,                0.07563,                0.02681,                0.01129,                 2.7685,                 2.7912,                 1.8636,              0.0016337,              0.0016337,              0.0016337
                     39,                 1.4853,                 1.2687,                 1.3133,                0.15632,                0.08403,                0.04497,                0.01642,                 2.9188,                 2.6452,                 1.9547,              0.0016238,              0.0016238,              0.0016238
                     40,                 1.4474,                 1.2232,                 1.2976,                0.18766,                0.14286,                0.07961,                0.03121,                 2.7208,                 2.4131,                 1.9251,              0.0016139,              0.0016139,              0.0016139
                     41,                 1.4913,                 1.2006,                  1.307,                 0.1547,                0.18487,                0.09943,                0.04747,                 2.4267,                 2.3098,                 1.7714,               0.001604,               0.001604,               0.001604
                     42,                 1.3651,                 1.1295,                 1.2484,                0.08289,                0.13445,                0.04331,                0.01416,                 2.9799,                   2.78,                 2.2782,              0.0015941,              0.0015941,              0.0015941
                     43,                 1.4027,                 1.1441,                 1.2704,                0.15053,                0.14286,                0.07568,                0.02953,                 2.6576,                 2.4126,                 1.7781,              0.0015842,              0.0015842,              0.0015842
                     44,                 1.3568,                 1.1096,                 1.2567,                0.13574,                0.15966,                0.05744,                0.01785,                 2.5401,                  2.577,                 1.8106,              0.0015743,              0.0015743,              0.0015743
                     45,                 1.3966,                 1.1984,                 1.2837,                0.10813,                0.06723,                 0.0459,                0.01788,                 2.5781,                 2.5575,                 1.8925,              0.0015644,              0.0015644,              0.0015644
                     46,                 1.3341,                 1.1292,                 1.2394,                0.09089,                0.06723,                0.02981,                0.00996,                 2.8626,                 3.0751,                  2.184,              0.0015545,              0.0015545,              0.0015545
                     47,                 1.4063,                 1.1617,                  1.274,                 0.1142,                0.16807,                 0.0697,                0.02604,                 2.6622,                  2.351,                 1.7538,              0.0015446,              0.0015446,              0.0015446
                     48,                 1.3595,                 1.1016,                 1.2508,                 0.1997,                0.15966,                0.08209,                0.03391,                 2.7025,                 2.3958,                 1.7798,              0.0015347,              0.0015347,              0.0015347
                     49,                 1.4146,                 1.1229,                 1.2725,                0.18397,                0.15126,                0.11385,                0.03655,                 2.6744,                 2.3419,                 1.7658,              0.0015248,              0.0015248,              0.0015248
                     50,                 1.3909,                 1.1257,                  1.253,                0.17405,                0.16807,                0.08554,                0.03161,                 2.5684,                 2.5763,                  1.781,              0.0015149,              0.0015149,              0.0015149
                     51,                 1.3989,                 1.1237,                 1.2504,                0.12232,                0.15126,                0.06289,                0.02497,                 2.5673,                 2.6453,                 1.8585,               0.001505,               0.001505,               0.001505
                     52,                 1.3369,                 1.1382,                 1.2481,                0.19354,                 0.2279,                0.10501,                0.03774,                 2.4563,                 2.2525,                 1.7533,              0.0014951,              0.0014951,              0.0014951
                     53,                 1.3658,                 1.1245,                 1.2459,                0.20826,                0.11765,                0.07633,                0.03261,                 2.4773,                 2.4404,                 1.7874,              0.0014852,              0.0014852,              0.0014852
                     54,                   1.33,                 1.0759,                 1.2311,                0.11952,                0.07563,                0.03574,                0.01254,                 2.7229,                 2.9837,                 1.8831,              0.0014753,              0.0014753,              0.0014753
                     55,                  1.338,                 1.0973,                 1.2137,                0.23597,                0.18688,                0.08825,                0.03479,                 2.5218,                 2.3921,                 1.7588,              0.0014654,              0.0014654,              0.0014654
                     56,                 1.4133,                 1.1837,                 1.2684,                0.16648,                0.13445,                0.06365,                0.01968,                 2.6986,                 2.6265,                 1.9103,              0.0014555,              0.0014555,              0.0014555
                     57,                 1.3235,                 1.0891,                 1.2425,                0.13527,                0.21008,                0.08551,                0.02829,                 2.6304,                  2.475,                 1.8709,              0.0014456,              0.0014456,              0.0014456
                     58,                 1.3258,                 1.0837,                 1.2315,                0.09398,                0.05882,                0.02578,                0.00753,                 2.9863,                 3.3252,                 2.3902,              0.0014357,              0.0014357,              0.0014357
                     59,                 1.3234,                  1.099,                 1.2456,                0.08665,                0.10924,                0.03299,                0.01137,                 2.8858,                 2.8466,                  1.974,              0.0014258,              0.0014258,              0.0014258
                     60,                 1.3475,                 1.0648,                 1.2147,                0.13442,                0.13445,                0.05272,                0.01609,                 2.6944,                 2.6847,                 1.8407,              0.0014159,              0.0014159,              0.0014159
                     61,                 1.3447,                 1.0969,                 1.2267,                0.16763,                0.13445,                0.07464,                0.02689,                 2.4934,                  2.383,                 1.8454,               0.001406,               0.001406,               0.001406
                     62,                 1.3839,                  1.115,                 1.2488,                 0.1248,                0.16807,                0.08742,                0.03339,                  2.475,                 2.3902,                 1.6955,              0.0013961,              0.0013961,              0.0013961
                     63,                 1.3269,                  1.076,                 1.2257,                0.27157,                0.16807,                0.11313,                0.04259,                 2.5056,                 2.2217,                 1.6766,              0.0013862,              0.0013862,              0.0013862
                     64,                 1.3284,                 1.0796,                 1.2451,                0.29687,                0.15126,                0.08826,                0.03073,                 2.6661,                 2.5433,                 1.7947,              0.0013763,              0.0013763,              0.0013763
                     65,                 1.3317,                 1.0761,                 1.2255,                0.28036,                0.21849,                0.17082,                0.06709,                 2.3774,                 2.1031,                 1.5527,              0.0013664,              0.0013664,              0.0013664
                     66,                 1.3086,                 1.0539,                 1.2125,                0.27346,                0.18487,                0.13108,                0.04783,                 2.4871,                  2.328,                 1.6323,              0.0013565,              0.0013565,              0.0013565
                     67,                 1.3216,                 1.1056,                 1.2193,                0.20547,                0.16807,                0.09924,                0.03646,                 2.5369,                 2.2628,                 1.6688,              0.0013466,              0.0013466,              0.0013466
                     68,                 1.3423,                 1.0842,                 1.2268,                0.12743,                0.20168,                 0.0933,                0.03758,                 2.4764,                 2.3815,                 1.6445,              0.0013367,              0.0013367,              0.0013367
                     69,                 1.2574,                 1.0152,                 1.2012,                0.21654,                0.16807,                 0.1089,                0.04914,                 2.3709,                 2.3132,                 1.6077,              0.0013268,              0.0013268,              0.0013268
                     70,                 1.3244,                 1.0653,                 1.2156,                0.13085,                0.12605,                0.04696,                0.01754,                 2.5546,                 2.7545,                 1.8561,              0.0013169,              0.0013169,              0.0013169
                     71,                 1.3216,                 1.0795,                 1.2143,                0.19189,                0.16807,                0.11292,                0.04565,                 2.4983,                 2.3591,                 1.8351,               0.001307,               0.001307,               0.001307
                     72,                 1.3151,                 1.0598,                 1.2206,                0.18446,                0.15126,                0.08797,                0.03628,                 2.5194,                 2.3929,                  1.778,              0.0012971,              0.0012971,              0.0012971
                     73,                 1.2859,                 1.0293,                 1.2175,                 0.2361,                0.16807,                0.11594,                0.04172,                 2.5112,                 2.2729,                  1.723,              0.0012872,              0.0012872,              0.0012872
                     74,                 1.2691,                0.98899,                 1.1903,                0.36405,                0.13445,                0.10487,                0.03822,                 2.6014,                 2.4703,                 1.7574,              0.0012773,              0.0012773,              0.0012773
                     75,                 1.2105,                0.99319,                 1.1743,                0.18272,                 0.2437,                0.11157,                0.04632,                 2.5806,                 2.2822,                 1.8006,              0.0012674,              0.0012674,              0.0012674
                     76,                 1.2737,                 1.0393,                 1.2017,                 0.1859,                0.21849,                0.13112,                0.05487,                 2.5053,                 2.1601,                 1.7718,              0.0012575,              0.0012575,              0.0012575
                     77,                 1.2741,                  1.018,                 1.1997,                0.25038,                0.12605,                0.09396,                0.04513,                 2.4043,                  2.212,                 1.6017,              0.0012476,              0.0012476,              0.0012476
                     78,                 1.2842,                 1.0115,                 1.1921,                0.13123,                0.15126,                 0.0754,                 0.0288,                 2.4527,                 2.4171,                 1.7184,              0.0012377,              0.0012377,              0.0012377
                     79,                  1.245,                0.98001,                 1.1872,                0.14532,                0.15126,                0.05921,                0.02132,                 2.4871,                 2.6051,                 1.7239,              0.0012278,              0.0012278,              0.0012278
                     80,                 1.2387,                 1.0045,                 1.1725,                0.14496,                0.15966,                0.07285,                0.02994,                 2.3961,                 2.3641,                 1.7261,              0.0012179,              0.0012179,              0.0012179
                     81,                 1.2107,                0.96511,                 1.1815,                0.13582,                0.12547,                0.04477,                0.01588,                 2.7308,                 2.7268,                 1.8868,               0.001208,               0.001208,               0.001208
                     82,                 1.2686,                 1.0027,                 1.1868,                0.13733,                0.14286,                0.06257,                0.02369,                 2.7451,                 2.4835,                 2.0139,              0.0011981,              0.0011981,              0.0011981
                     83,                 1.2723,                 1.0019,                 1.1827,                0.13358,                0.16807,                0.06141,                0.02165,                 2.8879,                 2.6181,                 2.0301,              0.0011882,              0.0011882,              0.0011882
                     84,                 1.2466,                0.98771,                 1.2037,                0.35786,                0.23529,                0.18494,                0.08079,                 2.4629,                 2.3086,                 1.6439,              0.0011783,              0.0011783,              0.0011783
                     85,                 1.3064,                 1.0365,                 1.1983,                0.31228,                0.19462,                0.14927,                0.05809,                 2.4446,                 2.3081,                 1.6189,              0.0011684,              0.0011684,              0.0011684
                     86,                 1.3049,                 1.0222,                 1.1924,                0.23683,                0.15966,                0.09935,                0.03719,                 2.5405,                 2.4112,                 1.7285,              0.0011585,              0.0011585,              0.0011585
                     87,                 1.2493,                0.98335,                 1.1858,                0.19331,                0.14286,                0.08548,                0.03483,                 2.6222,                 2.4729,                 1.8908,              0.0011486,              0.0011486,              0.0011486
                     88,                 1.2622,                0.99794,                 1.1898,                0.22667,                0.16505,                0.08356,                0.03222,                 2.6082,                 2.4099,                 1.8705,              0.0011387,              0.0011387,              0.0011387
                     89,                 1.2287,                0.95942,                 1.1704,                 0.1542,                0.15126,                0.08424,                0.02704,                 2.6564,                 2.5247,                 1.8066,              0.0011288,              0.0011288,              0.0011288
                     90,                 1.2136,                0.96191,                 1.1757,                0.26531,                0.19728,                0.15186,                0.05045,                 2.5585,                 2.1974,                 1.7202,              0.0011189,              0.0011189,              0.0011189
                     91,                 1.2519,                0.98758,                  1.192,                 0.3025,                0.18487,                0.14221,                0.05245,                 2.5923,                 2.1758,                 1.6935,               0.001109,               0.001109,               0.001109
                     92,                 1.2364,                 1.0141,                 1.1923,                0.27377,                0.18487,                0.11317,                0.04198,                 2.5483,                 2.3528,                 1.7123,              0.0010991,              0.0010991,              0.0010991
                     93,                 1.1746,                 0.9266,                 1.1643,                0.32112,                0.17647,                0.13707,                0.05624,                 2.4289,                  2.224,                 1.6339,              0.0010892,              0.0010892,              0.0010892
                     94,                 1.1615,                0.89273,                  1.152,                0.20448,                0.16807,                0.09305,                0.03506,                 2.5042,                 2.4166,                 1.7227,              0.0010793,              0.0010793,              0.0010793
                     95,                 1.1801,                0.91666,                 1.1707,                0.23589,                0.18487,                0.11106,                 0.0325,                 2.5628,                 2.3206,                 1.6924,              0.0010694,              0.0010694,              0.0010694
                     96,                 1.2264,                0.97232,                 1.1923,                0.22453,                0.19466,                0.12186,                0.05521,                 2.4863,                 2.2537,                 1.7591,              0.0010595,              0.0010595,              0.0010595
                     97,                 1.2526,                0.96632,                 1.1954,                0.18167,                0.22689,                0.10803,                0.04792,                 2.5337,                 2.2771,                 1.7064,              0.0010496,              0.0010496,              0.0010496
                     98,                 1.2305,                0.94562,                 1.1696,                 0.1409,                0.15126,                   0.09,                0.03575,                 2.5923,                 2.3879,                  1.739,              0.0010397,              0.0010397,              0.0010397
                     99,                 1.2831,                 0.9983,                 1.1933,                0.16615,                0.16807,                0.11519,                0.04818,                  2.414,                 2.3235,                 1.7361,              0.0010298,              0.0010298,              0.0010298
                    100,                 1.1785,                0.92839,                 1.1608,                0.15186,                0.15197,                0.06569,                0.02411,                 2.6444,                 2.5474,                 1.8539,              0.0010199,              0.0010199,              0.0010199
                    101,                  1.233,                0.93793,                 1.1764,                0.20169,                0.22689,                0.10164,                0.03526,                   2.56,                  2.428,                 1.8313,                0.00101,                0.00101,                0.00101
                    102,                  1.149,                0.89838,                 1.1584,                0.19236,                0.14286,                0.08132,                0.03404,                 2.5902,                 2.7268,                 1.7448,              0.0010001,              0.0010001,              0.0010001
                    103,                 1.2538,                0.98693,                 1.1803,                 0.1714,                0.11765,                0.06363,                0.02555,                 2.7592,                 2.6585,                 1.9503,              0.0009902,              0.0009902,              0.0009902
                    104,                 1.1906,                0.94873,                 1.1555,                0.16355,                0.15966,                0.05648,                0.02222,                 2.6716,                 2.6228,                  1.878,              0.0009803,              0.0009803,              0.0009803
                    105,                 1.2265,                0.93069,                 1.1413,                0.33986,                0.18487,                0.11721,                0.04379,                 2.5741,                 2.1708,                 1.9033,              0.0009704,              0.0009704,              0.0009704
                    106,                 1.1564,                0.88257,                 1.1398,                0.21185,                0.16807,                0.08874,                0.03308,                 2.7033,                  2.325,                 1.9023,              0.0009605,              0.0009605,              0.0009605
                    107,                  1.206,                0.94436,                 1.1665,                0.16788,                0.14286,                 0.0735,                0.03041,                  2.713,                 2.4369,                 1.8861,              0.0009506,              0.0009506,              0.0009506
                    108,                 1.1664,                0.93269,                  1.161,                0.13234,                0.15126,                0.07227,                0.02983,                 2.6413,                 2.4158,                 1.7829,              0.0009407,              0.0009407,              0.0009407
                    109,                 1.1455,                0.90557,                 1.1449,                0.22205,                0.15126,                0.10276,                0.03214,                 2.4861,                 2.4017,                 1.7638,              0.0009308,              0.0009308,              0.0009308
                    110,                 1.1834,                0.90188,                 1.1432,                0.11888,                0.13445,                0.06107,                 0.0211,                 2.5122,                 2.7631,                 1.7684,              0.0009209,              0.0009209,              0.0009209
                    111,                 1.2436,                0.94396,                 1.1502,                0.24899,                0.17647,                0.10452,                0.03861,                 2.4732,                 2.5073,                 1.7389,               0.000911,               0.000911,               0.000911
                    112,                 1.1414,                0.89284,                 1.1419,                0.19728,                0.21849,                0.10144,                0.03887,                 2.4616,                 2.3904,                 1.7252,              0.0009011,              0.0009011,              0.0009011
                    113,                 1.2212,                0.93054,                 1.1631,                0.13707,                0.13445,                0.07451,                0.02886,                 2.6529,                 2.5156,                 1.8066,              0.0008912,              0.0008912,              0.0008912
                    114,                 1.2225,                0.95639,                 1.1722,                 0.1298,                0.09528,                0.05521,                0.01822,                 2.5635,                 2.6134,                 1.7627,              0.0008813,              0.0008813,              0.0008813
                    115,                 1.1078,                 0.8799,                 1.1164,                0.20707,                0.13445,                0.07739,                0.02445,                 2.6869,                 2.5591,                 1.8186,              0.0008714,              0.0008714,              0.0008714
                    116,                   1.17,                0.90697,                 1.1405,                0.19765,                0.13445,                0.08639,                0.03368,                 2.6038,                 2.7091,                  1.714,              0.0008615,              0.0008615,              0.0008615
                    117,                 1.1171,                0.86975,                 1.1237,                0.17475,                0.14286,                0.08763,                0.03265,                 2.5857,                 2.5436,                 1.7539,              0.0008516,              0.0008516,              0.0008516
                    118,                 1.1557,                0.89203,                 1.1393,                0.20551,                0.14286,                0.07968,                0.03005,                 2.5867,                 2.5681,                 1.7958,              0.0008417,              0.0008417,              0.0008417
                    119,                 1.1147,                0.87512,                 1.1288,                0.32096,                0.17647,                0.11732,                0.04226,                 2.6185,                 2.4961,                 1.7831,              0.0008318,              0.0008318,              0.0008318
                    120,                 1.1436,                0.89022,                 1.1262,                 0.3377,                0.12605,                0.08597,                0.03504,                 2.6235,                 2.5921,                 1.8501,              0.0008219,              0.0008219,              0.0008219
                    121,                 1.1609,                0.87308,                 1.1327,                0.30602,                0.12605,                0.09036,                0.04001,                 2.5628,                 2.5826,                 1.7927,               0.000812,               0.000812,               0.000812
                    122,                 1.1525,                0.85077,                 1.1305,                0.13746,                0.15966,                0.06079,                 0.0233,                 2.7137,                 2.7209,                 1.9053,              0.0008021,              0.0008021,              0.0008021
                    123,                 1.1825,                0.88348,                 1.1481,                0.23083,                0.15126,                  0.101,                0.04252,                 2.5384,                 2.4788,                 1.7605,              0.0007922,              0.0007922,              0.0007922
                    124,                 1.1781,                0.86803,                 1.1487,                0.16996,                0.10924,                0.05636,                  0.022,                 2.6338,                 2.7788,                 1.8387,              0.0007823,              0.0007823,              0.0007823
                    125,                  1.095,                0.83485,                  1.104,                0.25236,                0.11765,                0.08012,                0.02852,                 2.5593,                 2.6784,                 1.7881,              0.0007724,              0.0007724,              0.0007724
                    126,                 1.1293,                0.87622,                 1.1184,                0.19982,                0.11765,                0.06672,                0.02438,                 2.6564,                 2.6617,                 1.7935,              0.0007625,              0.0007625,              0.0007625
                    127,                 1.1183,                0.86466,                 1.1196,                0.16395,                0.10924,                0.06143,                0.02146,                 2.6292,                 2.6063,                 1.8259,              0.0007526,              0.0007526,              0.0007526
                    128,                 1.1333,                0.85762,                 1.1154,                0.14043,                0.14286,                0.06881,                0.02583,                  2.539,                 2.6991,                 1.6926,              0.0007427,              0.0007427,              0.0007427
                    129,                 1.1062,                0.82546,                  1.107,                 0.2116,                0.15966,                0.09214,                0.03594,                 2.6327,                 2.4837,                 1.8195,              0.0007328,              0.0007328,              0.0007328
                    130,                 1.1218,                0.85322,                 1.1161,                0.16938,                0.10084,                0.05064,                0.02267,                 2.6235,                 2.6153,                 1.8051,              0.0007229,              0.0007229,              0.0007229
                    131,                 1.1196,                 0.8451,                 1.1183,                0.30359,                0.15966,                0.09987,                0.03109,                  2.559,                 2.5525,                 1.7211,               0.000713,               0.000713,               0.000713
                    132,                 1.1312,                0.84167,                 1.1143,                0.17586,                0.15966,                0.09414,                 0.0355,                 2.5073,                 2.4228,                 1.7162,              0.0007031,              0.0007031,              0.0007031
                    133,                 1.1574,                0.85501,                 1.1136,                0.22486,                0.14286,                0.09463,                0.02966,                 2.6366,                 2.6104,                 1.7982,              0.0006932,              0.0006932,              0.0006932
                    134,                 1.1125,                0.84254,                 1.1197,                 0.2002,                0.20168,                0.10443,                0.03615,                 2.6236,                 2.4317,                 1.7867,              0.0006833,              0.0006833,              0.0006833
                    135,                 1.1067,                0.82673,                 1.1074,                0.27251,                0.17647,                0.10002,                0.03532,                 2.5708,                 2.5252,                 1.7874,              0.0006734,              0.0006734,              0.0006734
                    136,                 1.1209,                0.84042,                 1.1156,                 0.3078,                0.14286,                0.11694,                0.05171,                 2.5267,                 2.3311,                 1.7642,              0.0006635,              0.0006635,              0.0006635
                    137,                 1.1047,                0.80713,                 1.1172,                0.34171,                0.13445,                0.12164,                0.04157,                 2.6142,                 2.5008,                 1.7749,              0.0006536,              0.0006536,              0.0006536
                    138,                 1.1069,                0.81854,                 1.1031,                0.19185,                0.20168,                 0.0931,                0.03394,                 2.5941,                 2.5095,                 1.7574,              0.0006437,              0.0006437,              0.0006437
                    139,                 1.0526,                0.78388,                 1.0871,                0.22775,                0.21849,                0.11008,                0.04041,                 2.4919,                 2.4604,                 1.7196,              0.0006338,              0.0006338,              0.0006338
                    140,                  1.122,                0.85272,                 1.1215,                0.23233,                0.12605,                 0.0817,                0.02918,                 2.5977,                 2.5817,                 1.7469,              0.0006239,              0.0006239,              0.0006239
                    141,                  1.078,                0.78041,                 1.0953,                0.22597,                0.17647,                 0.0862,                0.03276,                 2.6671,                 2.4987,                 1.8809,               0.000614,               0.000614,               0.000614
                    142,                 1.1364,                0.86626,                 1.1108,                0.21034,                0.17647,                0.08894,                 0.0353,                 2.5731,                 2.4155,                 1.7877,              0.0006041,              0.0006041,              0.0006041
                    143,                 1.0594,                0.78301,                 1.0917,                0.20452,                0.16807,                  0.092,                0.03224,                 2.6172,                 2.4831,                 1.7393,              0.0005942,              0.0005942,              0.0005942
                    144,                 1.0868,                0.81641,                 1.0999,                0.21566,                0.19328,                0.11612,                0.04147,                  2.553,                 2.4519,                 1.7628,              0.0005843,              0.0005843,              0.0005843
                    145,                 1.0831,                0.82372,                 1.0965,                0.27765,                0.15966,                0.09948,                0.03638,                 2.4861,                 2.3918,                 1.7221,              0.0005744,              0.0005744,              0.0005744
                    146,                 1.0938,                 0.8072,                 1.1007,                0.25641,                0.22689,                0.11851,                0.04789,                 2.4952,                  2.278,                 1.7176,              0.0005645,              0.0005645,              0.0005645
                    147,                 1.0712,                0.80315,                 1.0846,                0.14158,                0.14555,                0.06692,                0.02477,                 2.6008,                  2.549,                 1.8088,              0.0005546,              0.0005546,              0.0005546
                    148,                 1.0703,                0.79282,                 1.0905,                0.29992,                0.15966,                0.10099,                0.03424,                 2.6817,                 2.4286,                 1.9324,              0.0005447,              0.0005447,              0.0005447
                    149,                 1.0749,                0.82102,                 1.1048,                0.24368,                0.12605,                0.08635,                0.03071,                 2.6392,                 2.5535,                 1.8994,              0.0005348,              0.0005348,              0.0005348
                    150,                 1.0696,                0.81565,                 1.1001,                0.15785,                0.10084,                0.06303,                0.02204,                 2.8998,                 2.6594,                 2.0347,              0.0005249,              0.0005249,              0.0005249
                    151,                   1.09,                0.79995,                 1.0886,                0.17058,                0.11765,                0.06557,                0.02204,                 2.8521,                 2.7888,                 1.9816,               0.000515,               0.000515,               0.000515
                    152,                 1.0244,                0.77021,                 1.0845,                0.15814,                0.13445,                0.06673,                0.02102,                 2.6663,                 2.7995,                 1.8062,              0.0005051,              0.0005051,              0.0005051
                    153,                 1.0449,                0.76603,                 1.0835,                0.32927,                0.11765,                0.08859,                0.02984,                 2.5811,                 2.5752,                 1.7701,              0.0004952,              0.0004952,              0.0004952
                    154,                 1.0129,                 0.7368,                 1.0795,                0.11784,                0.12605,                0.06426,                0.02442,                 2.6146,                 2.7236,                 1.7952,              0.0004853,              0.0004853,              0.0004853
                    155,                 1.0617,                0.78218,                  1.086,                0.21185,                0.11765,                0.06107,                0.02325,                 2.7152,                 2.7448,                 1.9239,              0.0004754,              0.0004754,              0.0004754
                    156,                 1.0281,                0.76379,                 1.0692,                  0.272,                0.11765,                0.06951,                 0.0231,                 2.7928,                 2.7187,                  1.867,              0.0004655,              0.0004655,              0.0004655
                    157,                 1.0905,                0.79961,                 1.1006,                0.21238,                0.10924,                0.05587,                0.02053,                 2.6966,                 2.7601,                 1.8319,              0.0004556,              0.0004556,              0.0004556
                    158,                 1.0629,                0.77602,                 1.0856,                0.18481,                0.11765,                0.06768,                0.02721,                 2.4329,                 2.5938,                 1.6659,              0.0004457,              0.0004457,              0.0004457
                    159,                  1.126,                0.79652,                 1.1019,                0.19385,                0.11765,                0.06832,                0.02356,                 2.6003,                 2.6711,                 1.7972,              0.0004358,              0.0004358,              0.0004358
                    160,                 1.0548,                0.75776,                 1.0779,                0.26487,                0.10084,                 0.0695,                0.02525,                 2.7367,                 2.6119,                   1.88,              0.0004259,              0.0004259,              0.0004259
                    161,                 1.0444,                0.78837,                 1.0942,                0.28796,                0.14286,                0.10201,                0.02913,                 2.6851,                 2.5642,                 1.8224,               0.000416,               0.000416,               0.000416
                    162,                 1.0412,                0.74837,                 1.0908,                0.29908,                0.13445,                0.08307,                0.02677,                 2.6991,                  2.585,                 1.8062,              0.0004061,              0.0004061,              0.0004061
                    163,                 1.0139,                 0.7335,                 1.0595,                0.27752,                0.14204,                0.08775,                0.02983,                 2.5217,                 2.5931,                 1.7591,              0.0003962,              0.0003962,              0.0003962
                    164,                 1.0536,                0.76256,                 1.0802,                0.23736,                0.10084,                0.06877,                0.02393,                 2.5526,                 2.7311,                 1.7997,              0.0003863,              0.0003863,              0.0003863
                    165,                 1.0398,                0.75823,                 1.0651,                0.19106,                0.11765,                0.07232,                0.02816,                 2.5612,                  2.735,                 1.8394,              0.0003764,              0.0003764,              0.0003764
                    166,                0.98588,                0.73694,                 1.0643,                0.12431,                0.14286,                0.06581,                0.02373,                 2.6471,                 2.7496,                 1.8516,              0.0003665,              0.0003665,              0.0003665
                    167,                 1.0541,                0.77263,                 1.0763,                 0.1782,                0.15126,                0.07042,                0.02456,                 2.7024,                 2.7825,                 1.9177,              0.0003566,              0.0003566,              0.0003566
                    168,                 1.0384,                0.76845,                 1.0649,                0.18397,                0.11765,                0.06456,                0.02139,                 2.7673,                 2.9453,                 1.9683,              0.0003467,              0.0003467,              0.0003467
                    169,                 1.0436,                0.74684,                 1.0818,                0.21398,                0.12605,                0.06259,                0.02373,                   2.61,                 2.8257,                 1.8577,              0.0003368,              0.0003368,              0.0003368
                    170,                 1.0343,                0.73042,                   1.06,                0.19216,                0.10924,                0.06295,                0.02218,                 2.5935,                 2.7973,                 1.8633,              0.0003269,              0.0003269,              0.0003269
                    171,                  1.028,                0.73863,                 1.0614,                0.21025,                0.13445,                0.06952,                0.02441,                 2.5938,                 2.6747,                 1.8785,               0.000317,               0.000317,               0.000317
                    172,                 1.0203,                0.72957,                 1.0555,                 0.1951,                0.14286,                0.07254,                0.02621,                 2.6357,                 2.6734,                 1.9237,              0.0003071,              0.0003071,              0.0003071
                    173,                 1.0299,                0.74322,                 1.0573,                0.20133,                0.11765,                0.05674,                0.02097,                 2.7751,                 2.8696,                 1.9864,              0.0002972,              0.0002972,              0.0002972
                    174,                 1.0281,                0.73658,                 1.0685,                0.29828,                0.12605,                0.07093,                0.02321,                 2.6747,                 2.7502,                 1.9149,              0.0002873,              0.0002873,              0.0002873
                    175,                0.99439,                0.72559,                 1.0802,                 0.1629,                0.12605,                0.06187,                0.02475,                 2.6857,                 2.7608,                 1.8747,              0.0002774,              0.0002774,              0.0002774
                    176,                 1.0312,                0.74069,                 1.0638,                0.13734,                0.14286,                0.05963,                0.02214,                 2.7774,                 2.8255,                 1.9232,              0.0002675,              0.0002675,              0.0002675
                    177,                 1.0041,                0.75167,                 1.0773,                0.20509,                0.11765,                 0.0739,                0.02239,                 2.7602,                 2.7784,                 1.9351,              0.0002576,              0.0002576,              0.0002576
                    178,                 1.0484,                0.73128,                  1.081,                0.18038,                0.10924,                0.06796,                0.02487,                 2.7554,                  2.712,                 1.9292,              0.0002477,              0.0002477,              0.0002477
                    179,                 1.0225,                0.75422,                 1.0726,                0.17426,                0.12605,                0.07191,                  0.028,                 2.7038,                 2.6397,                 1.8569,              0.0002378,              0.0002378,              0.0002378
                    180,                 1.0358,                0.74823,                 1.0779,                0.18191,                0.15126,                0.06643,                0.02239,                  2.717,                  2.706,                 1.8785,              0.0002279,              0.0002279,              0.0002279
                    181,                 1.0609,                0.74123,                 1.0714,                0.18789,                0.09244,                0.05786,                0.02022,                 2.7358,                 2.7548,                 1.8961,               0.000218,               0.000218,               0.000218
                    182,                0.96273,                0.69887,                 1.0402,                0.20246,                0.09244,                0.05794,                0.01987,                 2.7445,                 2.7948,                 1.9132,              0.0002081,              0.0002081,              0.0002081
                    183,                0.98895,                0.71663,                 1.0493,                0.11924,                0.10241,                0.05348,                 0.0201,                 2.7135,                 2.9434,                 1.9054,              0.0001982,              0.0001982,              0.0001982
                    184,                 1.0091,                0.74264,                 1.0532,                0.13926,                0.11765,                0.06548,                0.02331,                 2.7551,                 2.8285,                 1.9042,              0.0001883,              0.0001883,              0.0001883
